{"cameraMode":{"drawMode":0,"name":"Shaded","section":"Shading Mode"},"sceneLighting":true,"audioPlay":false,"sceneViewState":{"m_AlwaysRefresh":false,"showFog":true,"showSkybox":true,"showFlares":true,"showImageEffects":true,"showParticleSystems":true,"showVisualEffectGraphs":true,"m_FxEnabled":true},"in2DMode":false,"pivot":{"x":-1.33860182762146,"y":-12.389394760131836,"z":-1.1344375610351563},"rotation":{"x":0.36342063546180727,"y":-0.016767902299761773,"z":0.006542263086885214,"w":0.9314517974853516},"size":12.090489387512207,"orthographic":false}