{"cameraMode":{"drawMode":0,"name":"Shaded","section":"Shading Mode"},"sceneLighting":true,"audioPlay":false,"sceneViewState":{"m_AlwaysRefresh":false,"showFog":true,"showSkybox":true,"showFlares":true,"showImageEffects":true,"showParticleSystems":true,"showVisualEffectGraphs":true,"m_FxEnabled":true},"in2DMode":false,"pivot":{"x":0.4386293888092041,"y":-2.0790228843688967,"z":4.620090484619141},"rotation":{"x":0.13752764463424684,"y":0.02228425070643425,"z":-0.0030948971398174764,"w":0.9902424812316895},"size":12.737421035766602,"orthographic":false}